Navn; calories; proteins; carbs; fat; type;
typer: frugt og grønt=fg, fjerkræ, kød, fisk, snack, drikke, krydderi, nød, bær, korn, brød og mejeri=bm

Jordbær, rå;38;0.7;6.1;0.6;bær
Æble, råt;55;0.3;10.9;0.2;fg
Banan, rå;93;1.1;19.7;0.2;fg
Kartoffel, rå;77;2;17.9;0.3;fg
Hindbær, rå;51;1.4;4;1.3;bær
Sødmælk, konventionel (ikke-økologisk);63;3.4;4.6;3.5;bm
Persille, rå;48;3.7;1.2;1.1;krydderi
Pære, rå;49;0.3;8.3;0.1;fg
Rabarber, rå;26;0.9;1.9;0.3;fg
Solbær, rå;75;1.5;9.9;1.3;bær
Yoghurt naturel, sødmælk;62;3.7;3.6;3.6;bm
Bladselleri, rå;23;0.7;1.9;0.2;krydderi
Blomkål, rå;28;2.4;1.9;0.4;fg
Blomme, rå;47;0.5;9.2;0.3;fg
Blåbær, rå;52;0.7;10.4;0.5;bær
Broccoli, rå;35;3.6;2.1;0.2;fg
Brombær, rå;37;1.4;4.5;1;bær
Brune bønner, tørrede, rå;312;18.9;45.6;2;fg
Voksbønner, rå;35;2.1;5.3;0.2;fg
Citron, rå;44;0.5;3.1;1.1;fg
Dild, rå;48;3.5;4.9;1.1;krydderi
Grønkål, rå;60;4.7;2;1.1;fg
Gulerod, rå;36;0.7;6.2;0.4;fg
Hornfisk, rå;107;19.5;0;3.2;fisk
Hvidkål, rå;32;1.2;4.5;0.2;fg
Hyben, rå;79;0.6;15;0.5;fg
Hyldebær, rå;67;0.7;11.6;0.5;bær
Kirsebær, rå;55;1.4;11.7;0.3;bær
Laks, atlantisk, vild, rå;159;18.4;0;7.5;fisk
Majskolbe, rå;91;3.7;23.7;1.8;fg
Kærnemælk;36;3.3;3.7;0.5;bm
Letmælk, konventionel (ikke-økologisk);48;3.4;4.7;1.6;bm
Makrel, rå;187;17.8;0;12.9;fisk
Mandel, rå;606;25.6;6.5;52.1;nød
Vandmelon, rå;33;0.8;6.5;0.1;fg
Peberfrugt, grøn, rå;22;0.9;2.7;0.3;fg
Peberfrugt, rød, rå;31;0.9;5.2;0.1;fg
Radise, rå;12;0.8;1.3;0.1;fg
Ribs, rå;63;1.3;9.3;1.7;bær
Rosenkål, rå;53;4.5;4.4;0.5;fg
Rødbede, rå;52;1.7;9.9;0.3;fg
Rødkål, rå;32;1.5;4;0.2;fg
Rødspætte, rå;87;17.5;0;1.9;fisk
Selleri, rod, rå;34;1.8;2;0.3;krydderi
Sild, marineret;273;11.9;20.9;16.2;fisk
Sild, rå;189;16.5;0;13.6;fisk
Spidskål, rå;27;2;3;0.3;fg
Spinat, rå;24;2.6;0.2;0.6;fg
Stikkelsbær, rå;44;0.9;7.3;0.5;bær
Tomat, uspec., rå;21;0.8;3.2;0.1;fg
Vand, drikke-, vejl. værdier;0;0;0;0;drikke
Vindrue, rå;67;0.6;15.3;0;fg
Grønne ærter, rå;70;5.9;6.5;0.7;fg
Squash, rå;19;1.4;2.4;0.2;fg
Artiskok, rå;52;3.3;8.1;0.1;fg
Mungbønner, tørrede, rå;324;23.9;47.2;1.1;fg
Havregryn, uspec.;366;13.8;58.9;6.9;korn
Rugmel, groft, fuldkornsrugmel;333;9.4;54.8;2.3;korn
Grahamsmel, fuldkornshvedemel;331;11.4;46.8;2.4;korn
Ingefær, rod, rå;83;1.8;16.7;0.8;fg
Asparges, grønne, rå;26;1.8;3.1;0.3;fg
Fennikel, knold, rå;23;1.4;2.9;0.2;fg
Mørksej, rå;79;18.1;0;0.7;fisk
Boghvede, hel, rå;341;13.1;48;3;korn
Aubergine, rå;20;0.9;3.1;0.1;fg
Appelsin, rå;49;0.9;8.2;0.1;fg
Lammekød, kølle, uspec., rå;180;17.9;0;12;kød
Torsk, filet, rå;75;17.6;0;0.6;fisk
Feta, 40+;255;19;0.5;19.2;bm
Grisekød, nakkekam med svær, rå;275;16.1;0;23.4;kød
Risengryn, grødris, brune, rå;362;6.8;76.3;2.8;korn
Sukker, stødt melis (saccharose);400;0;99.9;0;snack
Mineralvand, dansk vand o.lign.;4;0;0;0;drikke
Mineralvand, sodavand, uden tilsat sukker, uspec.;4;0;0;0;drikke
Fiskeolie, hydrogeneret;899;0;0;99.9
Gås, kød og skind, rå;366;15.8;0;33.6;fjerkræ
Kokosnød, rå;385;5.2;3.7;36.5;fg
Snacks, ekspanderet, kartoffelbasis;490;4.6;60;25.1;snack
Læskedrik (light), koncentreret (1+10), uden tilsat sukker, uspec.;6;0;0;0;drikke
Soja sauce;56;6.9;7;0;krydderi
Ost, fast, 40+, alle typer;312;25.2;0.1;22.6;bm
Ylette naturel;58;6.2;3.3;1.8;bm
Mozzarella, 45+;326;23.6;0;25.1;bm
Smelteost, 45+;314;23.3;0.1;24.5;bm
And, kød og skind, rå;400;11.5;0;39.3;fjerkræ
Sigtemel;350;10.5;65.4;2;korn
Buddingpulver;348;0.3;86.5;0;korn
Havarti, 30+;291;29.5;0.1;18.5;bm
Danbo, 45+;325;23.2;0.1;25;bm
Rullepølse, lammekød, pålæg;362;19;0;31.7;kød
Løg, ristede;574;6;22.1;48;fg
Te, drikkeklar, uspec.;0;0;0;0;drikke
Kastanje, ægte, rå;189;2;33.9;2.7;fg
Kaffe, instant, drikkeklar;3;0.1;0.7;0;drikke
Esrom, 45+;331;23.7;0;25.7;bm
Mineralvand, sodavand, tilsat sukker, uspec.;40;0;9.9;0;drikke
Elbo, 40+;321;26.1;0.1;23.4;bm
Kartoffelchips, grove;498;6.1;57.2;26.4;snack
Roquefort, 50+;343;19.4;0.1;29.5;bm
Kaffe, instant, decaffeinated, drikkeklar;4;0.1;0.8;0;drikke
Danablu 50+;350;20.1;0;29.5,bm
Brie, 60+;352;17.7;0;30.3;bm
Bacon, kogestykke, rå;379;15;0;35;kød
Kaffe, drikkeklar;1;0.1;0.1;0;drikke
Rugkerner, hele/knækkede;332;9.7;58.2;2.3;korn
Leverpølse, pålæg;393;13.4;4.1;35.8;kød
Creme fraiche 50 %;466;1.9;2.4;50;bm
Ost, fast, 45+, alle typer;335;24.2;0.1;25.7;bm
Hørfrø, rå;525;25;36.4;31;korn
Jordnød, tørret;538;29.8;8.1;37.8;nød
Mælkeis, uspec.;154;4;23.5;3;snack
Fløde 50 %;468;1.9;2.4;50;bm
Sojamel;449;40.7;15.4;22.2;korn
Ris, brune, rå;358;9.5;68.9;2.9;korn
Skummetmælkspulver;356;31.5;49.5;1.4;bm
Havarti, 45+;343;24;0.1;26.8;bm
Hyben pulver, tørret;278;4.5;40;1.5;korn
Østers, rå;61;7.8;4.2;1.5;fisk
Hvidvin, tør;68;0.1;0.2;0;drikke
Fiskeboller, konserves;62;8.3;4.9;1;fisk
Rugbrød, revet, med brunt sukker, uspec.;348;6.5;71.2;2;korn
Hvidvin, uspec.;83;0.1;2.6;0;drikke
Hvidvin, Rhinskvin;67;0.1;2.9;0;drikke
Tomat, soltørret;282;14.1;43.5;3;fg
Ymer naturel;72;6;3.4;3.6;bm
Rødvin, rosévin, uden alkohol;15;0.2;3.5;0;drikke
Hvidvin, medium;79;0.1;2.4;0;drikke
Småkage, finsk brød;537;6.1;56.9;31.2;snack
Hvidvin, uden alkohol;19;0.2;5.5;0;drikke
Byggryn, rå;349;9.9;62.2;2.4;korn
Øl, let pilsner, 2.6 % vol.;26;0.2;2.7;0;drikke
Risstivelse;343;0.8;84.9;0;korn
Lakridskonfekt;395;2.3;66.2;6.2;snack
Wienerbrød, spandauer;409;5.2;34.5;27.2;snack
Dressing, fransk;469;0.8;15.6;44.8;bm
Danablu 60+;407;15.9;0.1;37.4;bm
Fynbo, 45+;357;25.4;0;27.7;bm
Æg, høne, æggehvide, pasteuriseret;43;9;1.9;0;fjerkræ
Stenbider, røget;373;15.6;0;34.5;fisk
Hvedekerner, hele/knækkede;340;11.5;61.9;2;korn
Frugtsaft, blandet, usødet, koncentreret;35;0.2;8.5;0;drikke
Rasp;351;11.6;69.8;1.5;korn
Æblemost, uspec.;48;0.1;10.2;0.1;drikke
Øl, pilsner, 4.4 % vol.;36;0.3;2.7;0;drikke
Sagogryn (kartoffelstivelse);354;0.2;87.2;0.3;korn
Sennep, brun, færdiglavet;121;5;16.7;3.1;krydderi
Hvidløg, rå;158;6.4;30.9;0.5;fg
Rosévin;72;0.2;1.4;0;drikke
Mayonnaise, fedtreduceret;462;0;0;51.3;krydderi
Millionbøf, uspec.;127;8.1;4.9;8.3;kød
Spædbørnsmad, modermælkserstatning, lavt jernindhold, pulver;478;9.5;58;27.7;drikke
Sherry, medium;118;0.1;3.4;0;drikke
Rødvin, uspec.;77;0.2;0.3;0;drikke
Æg, høne, æggehvide, rå;44;10.2;0.9;0;fjerkræ
Bacon, stegestykke, rå;430;13;0;42;kød
Vermouth, tør;118;0.1;5.2;0;drikke
Vermouth, sød;145;0;14.5;0;drikke
Sveske, rå;230;2.7;54.6;0.7;fg
Tamarind, rå;256;2.8;57.4;0.6;fg
Croissant;420;8.5;41;24.1;bm
Øl, ubeskattet, uspec.;46;0.3;5.7;0;drikke
Æg, høne, æggehvide, tørret;357;82.3;6.8;0;fjerkræ
Eddike;20;0.4;5.4;0;krydderi
Madeira;166;0;10;0;drikke
Campari;180;0;20;0;drikke
Tebirkes;434;8.3;40.6;25.9;bm
Ost, blå- og hvidskimmel, 70+;449;12.9;0.1;44.1;bm
Hvidvin, sød;96;0.2;5.9;0;drikke
Bitter, uspec.;211;0;0.1;0;drikke
Peber, sort;304;10.9;44.5;3.3;krydderi
Øl, mørkt hvidtøl;45;0.3;8.6;0;drikke
Bitter, Gammel Dansk Bitter Dram;214;0;0;0;drikke
Cognac;224;0;0;0;drikke
Hvidvin, mousserende, champagne;76;0.3;1.4;0;drikke
Svenbo, 45+;377;27;0;29.2;bm
Snaps, krydder-, uspec.;268;0;0;0;drikke
Sherry, tør;117;0.2;1.3;0;drikke
Oliven, sorte, uden sten, i saltlage;112;1;2.9;9.8;fg
Øl, Guld-, 5.6 % vol.;48;0.4;3.2;0;drikke
Spirituosa, gennemsnitlige værdier;234;0;0;0;drikke
Vodka;234;0;0;0;drikke
Skærekage, citronkage;429;5;53.6;21.3;snack
Bitter, krabask bitter;228;0;1;0;drikke
Emmentaler, 45+;377;27.5;0.1;29.1;bm
Morgenmadsprodukt, Rice Krispies;372;6.3;80.4;1.5;bm
Snaps, 40 % vol., uspec.;224;0;0;0;drikke
Ispind, jordbær;157;4;24;5;snack
Rødvin, spansk, sød;168;0;0;0;drikke
Citronsaft, friskpresset;31;0.4;8.6;0;krydderi
Esrom, 60+;426;19;0.1;38.3:bm
Flødeyoghurt med frugt, 9 % fedt;128;2.9;12;7.7;bm
Tofu, sojabønneost;76;7.8;1.2;4.2;bm
Portvin;153;0.1;11.1;0;drikke
Grapefrugtjuice, konserves, usødet;34;0.3;7.9;0.1;drikke
Skærekage, chokoladekage/-pie;432;5.8;48.8;23.5;snack
Bouillon, hønsekød, spiseklar;4;0.3;0.3;0.2;krydderi
Wienerbrød, kanelsnegl;418;4.9;47.6;22.5;bm
Wienerbrød, uspec.;442;4.9;42.7;27.3;bm
Skærekage, formkage, uspec.;424;5;53.1;20.2;snack
Pop corn, traditionelle;468;9.6;57.9;20.2;snack
Bulgur, parboiled, rå;342;11.8;45.5;1.9;korn
Linsespirer, rå;123;9;19.1;0.6;korn
Whisky;252;0;0;0;drikke
Spegepølse, oksekød;406;20.1;0;36.2;kød
Havarti, 60+;427;19.1;0.1;38.1;bm
Øl, skatteklasse 3, uspec.;62;0.4;4.6;0;drikke
Fløde 9 %, syrnet;118;6.7;3.2;8.2;bm
Pølse, tepølse;478;10.9;0;48.3;kød
Hasselnød, tørret;657;15.6;3.3;60.6;nød
Fløde 9 %;111;3.3;4.2;9;bm
Pasta, rå;361;13.5;73.9;1.8;korn
Kvark, 5+;58;9;3.7;0.3;bm
Grana, 32+;354;32.9;0.1;24.1;bm
Parmesan, 32+;357;32.9;0.1;24.1;bm
Gin;265;0;0;0;drikke
Creme fraiche 9 %;110;3.4;3.5;9;bm
Agurk, syltet, uden tilsat sukker;10;0.3;1.1;0.2;fg
Bagegær, presset, rå;114;8.4;0;1.9;bm
Småkage, vanillekranse;528;5.2;61.1;28.8;snack
Cheddar, 50+;405;25.7;0.1;33.1;bm
Fiskefars, rå;110;8.5;12.8;2.8;fisk
Rom;278;0;0;0;drikke
Pistacienød, tørret;606;25.5;8.1;50.3;nød
Flødeboller, skumboller;426;4.4;64.9;16.5;snack
Hirseflager;370;13;71;3.3;korn
Rygeost, 1 % fedt;68;11.1;3.5;0.5;bm
Torsk, lever, konserves;532;4.6;1;55.1;fisk
Jordbær, dybfrost, usukrede;41;0.4;5.9;0.4;bær
Snacks, ekspanderet, majsbasis;503;7.4;58.8;25.7;snack
Ananasjuice, konserves;54;0.4;12.8;0.1;drikke
Myseost, 33+;433;14.7;33.1;27;bm
Gruyere, 45+;396;29.3;0.1;30.1;bm
Rødkål, konserves, uden tilsat sukker;20;0.5;2.9;0.1;fg
Wienerbrød, kringle/stang;453;4.7;43.8;28.1;bm
Sherry, sød;136;0.3;6.5;0;drikke
Figen, tørret;292;3.3;54;0.9;fg
Tranebær, rå;42;0.4;7.6;0.1;bær
Tørkage, linse;443;6.1;48.9;24.5;snack
Pop Corn (poppede majskærner);489;9.6;53.7;24.3;snack
Wienerbrød, julekage;458;5.7;37.6;31;bm
Spegepølse;465;14.5;0;45.2;kød
Skærekage, sandkage;446;6.1;48.7;25;snack
Kvæde, rå;60;0.4;13.4;0.1;fg
Græskar, rå;18;0.6;3.3;0.1;fg
Dressing, blue cheese;520;4.8;7.4;52.3;krydderi
Kinaradise, japanræddike, rå;17;0.6;2.6;0.1;fg
Sesamfrø, hele;605;23.1;1.4;53.8;korn
Oliven, grønne, marinerede, konserves;134;1;5;11.7;fg
Tang, agar, tørret;299;2.3;69.3;0.3;fg
Knækbrød, rug-, groft;343;10.2;61;2;bm
Makaroni, spaghetti, fuldkorns-, rå;352;14.4;62.2;2.9;korn
Rugbrød, fuldkorn, importeret;200;6.1;36;1.7;bm
Pære, konserves;71;0.3;15.7;0.2;fg
Majroe, rå;26;0.6;3.8;0.1;fg
Bitter, sød, uspec.;265;0;18;0;drikke
Bønnespirer, adzuki, rå;135;10;18.8;1;fg
Hirse, hele korn;356;11.8;63.5;4.2;korn
Pop corn, mikroovn;505;9.6;52.2;26.8;snack
Musling, rå;83;11.9;0;2.2;fisk
Agurk, rå;12;0.7;1.6;0;fg
Cashewnød, olieristet;610;19.9;23.6;47.8;nød
Wienerbrød, smørkrans;469;4.7;41.3;31;bm
Nøddepasta med cacao, smørepålæg;525;7;54.5;30;snack
Cornflakes, uspec.;374;7.5;82;1.4;korn
Müsli, uspec.;405;10.1;56;11.1;korn
Honningmelon, rå;27;0.6;5.4;0.2;fg
Forloren skildpadde, uspec.;109;7.9;5.5;6.2;kød
Tomatjuice, konserves;19;0.8;3.3;0.1;drikke
Abrikos, konserves, let sukkerlage;68;0.5;14.9;0.1;fg
Agurk, syltet;14;0.3;2.1;0.2;fg
Appelsinjuice, konserves;42;0.6;8.4;0.1;drikke
Kødpølse, fedtreduceret, pålæg;105;10;8.3;3.4;kød
Druesaft;63;0.6;15;0.1;drikke
Krebs, rå;68;14.6;1.2;0.5;fisk
Majsstivelse;361;0.4;86.8;0.6;korn
Gulerod, konserves;23;0.6;4;0.2;fg
Kartoffelmos, pulver med tørmælk;333;10.9;62.5;1.1;fg
Rugbrød, lyst;205;5.8;40.2;1.2;bm
Bitter, jägermeister;294;0;14;0;drikke
Salt, bordsalt (jodberiget);0;0;0;0;krydderi
Forårsrulle, dybfrost;151;5.8;15.5;6.8;snack
Abrikos, konserves, uden tilsat sukker;27;0.7;5.3;0.2;fg
Græskar, konserves;103;0.4;24.7;0.1;fg
Ananas, konserves;64;0.4;3.7;0.3;fg
Løg, hakkede, dybfrost;28;0.8;5;0.1;fg
Flødeskumskage, lagkagesnitte;302;3.3;34.4;16.7;snack
Tvebakker;392;10.2;74.7;5.8;bm
Knækbrød, rug-, fint;345;11.7;56.4;2;bm
Sennep, gul, færdiglavet;165;5.7;20.2;6.4;krydderi
Fersken, konserves;71;0.5;2.2;0.2;fg
Likør, uspec.;269;0;29;0;drikke
Cornflakes, frosted;381;5.3;82.9;0.8;korn
Solsikkefrø, afskallede, tørrede;620;24.2;3.6;54.4;korn
Sauce, gravad laks;563;1.6;13.1;56;krydderi
Snacks, ekstruderet, majsbasis;537;9;52.3;32.1;snack
Havregryn, beriget;362;13.9;56.4;6.5;korn
Netmelon, rå;23;0.8;4.1;0.2;fg
Tomat, dansk, rå;20;0.7;3.2;0.3;fg
Mandarin, konserves;62;0.5;14;0.3;fg
Rødspætte, filet, paneret, dybfrost;136;11.9;19.1;1.1;fisk
Frugtsaft, blandet, sødet, koncentreret;174;0.2;43.4;0;drikke
Abrikos, tørret;248;3.5;43.3;1.7;fg
Sauce, barbeque;147;0;35.8;0.3;krydderi
Müsli med tilsat sukker.;370;12.9;60.9;6.3;korn
Müsli uden tilsat sukker.;370;12.9;60.9;6.3;korn
Bondebrød, industrifremstillet;225;6.9;44;1.3;bm
Lime, rå;37;0.7;7.7;0.2;fg
Paradisæble, råt;83;0.4;19.3;0.3;fg
Hyldebærsaft, sur, koncentreret;31;0.5;6;0.5;drikke
Fløde 13 % (UHT);147;2.7;3.7;13.3;bm
Frølår, dybfrost;69;16.4;0;0.3;kød
Peber, chili, konserves;26;0.9;4.9;0.1;fg
Sesamfrø, afskallede;643;26.8;1.8;57.4;korn
Jordbærsaft, sur, koncentreret;35;0.5;7;0.5;drikke
Hindbærsaft, sur, koncentreret;35;0.5;7;0.5;drikke
Kulmule, rå;69;16.3;0;0.4;fisk
Flødeskumskage, jordbærkage;216;2.9;32.3;8.2;snack
Dressing, mayonnaise, kalorielet;179;0.9;13.6;13.4;krydderi
Likør, Curacao;297;0;26.9;0;drikke
Salat, Iceberg, rå;16;0.8;2.4;0.1;fg
Havregryn, ikke beriget;366;14.2;57;6.7;korn
Ribssaft, sur, koncentreret;39;0.5;8;0.5;drikke
Jordbær, dybfrost, sukrede;84;0.5;19;0.2;fg
Fløde 13 %;151;2.8;4;13.5;bm
Ananas, rå;55;0.5;10.8;0.4;fg
Salami;509;13.9;2.8;49.2;kød
Ræddike, rå;22;1;3.9;0.1;fg
Cantaloupe (melon), rå;36;0.8;7.9;0.2;fg
Rødbede, konserves, uden tilsat sukker;29;0.9;9.9;0.1;fg
Kødboller, konserves;126;7.1;2.9;9.6;kød
Blæksprutte, rå;77;16.4;1.5;0.9;fisk
Peberrod, rå;104;7.7;11;0.7;fg
Jordbær i sukkerlage, konserves;81;0.4;20.1;0.4;fg
Grisekød i karrysovs, dybfrost;119;8.5;2;8.6;kød
Solbærsaft, sur, koncentreret;51;0.5;11;0.5;drikke
Vinbjergssnegle, rå;84;16;2;1;snack
Gulerod, dybfrost;30;1.1;4.7;0.2;fg
Peberfrugt, konserves;19;0.8;2.7;0.3;fg
Tørkage, kokosmakroner;476;6.9;48.7;28.2;snack
Ispind, vanille;186;4;20;10;snack
Nougat is;198;4;22.9;10;snack
Vanilleis;198;4;22.9;10;snack
Vindrue, grønne, rå;68;0.6;15.9;0;fg
Papaya, mamaja, træmelon, rå;47;0.7;9.4;0.3;fg
Sødmælkspulver;493;23.4;37;26;bm
Pizza romana, dybfrost;177;7.2;23.1;5.8;snack
Kirsebærsaft, sur, koncentreret;59;0.5;13;0.5;drikke
Tyttebær, syltede;156;0.2;37;0.2;bær
Pecannød, tørret;721;10.8;2.6;72;nød
Hytteost, 20+;105;13;2.5;4.4;bm
Reje, dybvands-, kogt, dybfrost;69;15.3;0;0.8;fisk
Kålrabi (kålroe), rå;34;1;4.2;0.1;fg
Gulerod, juice, konserves;41;0.9;8.5;0.1;drikke
Abrikos, rå;40;1.3;7.3;0.3;fg
Torsk, rogn, konserves;99;13.7;2.7;3.7;fisk
Valle;27;0.8;5.2;0.4;bm
Reje, dybvands-, konserves;79;16.5;0.8;1.2;fisk
Blåbær, frosne, usukrede;53;0.4;10.7;0.6;bær
Hybensaft, sød, koncentreret;231;0;0;0;drikke
Daddel, tørret;309;2;63.8;0.5;fg
Bouillon, oksekød, terning, spiseklar;7;1.1;0.1;0.2;krydderi
Is, tre-farvet;198;4;22.9;10;snack
Te, blade;233;19.6;3;2;drikke
Rabarber, dybfrost;26;0.9;1.9;0.3;fg
Drueagurk (sylteagurk), rå;17;1.2;2.1;0.1;fg
Rødtunge, rå;72;16.3;0;0.7;fisk
Asier, syltede;73;0.5;16.5;0.5;fg
Julesalat, rå;19;1.1;1.5;0.2;fg
Mango, rå;67;0.5;14.2;0.5;fg
Ising, rå;75;16.6;0;1;snack
Nyre, kalv, rå;95;16.4;0.2;1.6;kød
Torsk, filet, paneret, rå;115;13.7;12.9;0.8;fisk
Sortmund, blåhvilling, filet, rå;77;17.5;0;0.8;fisk
Lever, gris, i flødesovs, dybfrost;124;11.9;6.9;5.4;kød
Tørkage, uspec.;450;6.6;53.7;21.3;snack
Grapefrugt, rå;44;0.9;7;0.3;fg
Hvilling, rå;78;18.2;0;0.6;fisk
Havreklid, dansk;367;18.5;49.6;7;korn
Gulerod, dansk, rå;38;0.8;6.1;0.4;fg
Mandarin, rå;47;0.8;8.3;0;fg
Aborre, rå;77;16.4;0;1.3;fisk
Torsk, filet, kogt;75;17.6;0;0.6;fisk
Havkat, rå;97;16.1;0;2.7;fisk
Flødeis;206;4;25.1;10;snack
Hjerte, kalv, råt;106;14.9;1.8;3.7;kød
Hvide bønner, tørrede, rå;322;21.3;43.9;2.7;fg
Nyre, okse, rå;106;15.6;0.9;2.8;kød
Brosme, rå;79;19;0;0.3;fisk
Torsk, filet, røget, med skind;79;19;0;0.3;fisk
Kaktusfigen, rå;39;0.7;6;0.5;fg
Kinakål, pe-tsai, rå;17;1.3;2;0.2;fg
Nyre, gris, rå;98;16;1.1;3;kød
Sperling, kød, rå;79;17.6;0;1;kød
Tørkage, mazariner;477;6.3;48.6;27.9;snack
Figen, rå;77;0.8;16.3;0.3;fg
Stjernefrugt, rå;33;1;5.2;0.3;fg
Pighvarre, rå;90;16.4;0;1.4;fisk
Kuller, rå;77;17.9;0;0.6;fisk
Leverpostej, fedtreduceret;151;10;12.4;6.7;kød
Skrubbe, rå;86;17.9;0;1.6;fisk
Salat, endivie, bredbladet (escarole), rå;14;1.3;0.3;0.2;fg
Lyssej, rå;71;17.4;0;0.2;fisk
Skærekage, mazarinkage;493;5.7;46.7;31.2;snack
Kaviar, uægte (stenbiderrogn);106;12.9;0.8;5.7;fisk
Pizza napolitana, dybfrost;181;8.6;21.9;6.1;snack
Salat, egeløv, rå;15;1.4;1.5;0.1;fg
Gule ærter (flækærter), rå;347;22;41.8;2.1;fg
Kakifrugt (Sharon), rå;87;0.7;17.5;0.3;fg
Lange, filet, rå;80;19.5;0;0.2;fisk
Søtunge, rå;85;18.7;0;1.1;fisk
Tomat, flået, konserves;21;1.2;3;0.3;fg
Kødboller, uspec.;145;8.8;6;9.5;kød
Fiskefrikadelle;155;13.7;9.8;6.7;fisk
Salat, endivie, kruset (frisee), rå;18;1.3;2.4;0.2;fg
Salat, Romaine, romersk, rå;18;1.2;1.7;0;fg
Sandart, rå;87;19.2;0.5;0.7;fisk
Kartoffelmos, pulver uden tørmælk;350;8.2;70.6;0.5;fg
Rødfisk, rå;84;18.9;0;0.9;fisk
Forårsrulle, friturestegt, fastfood;203;6.1;21.4;9.8;snack
Gulerod, importeret, rå;39;1;6.1;0.4;fg
Torsk, lever, røget;624;5.1;1;66.6;fisk
Torsk, lever, rå;624;5.1;1;66.6;fisk
Fersken, rå;49;0.7;7.8;0.4;fg
Nektarin, rå;42;0.8;7.8;0;fg
Gedde, rå;90;19;0;1.2;fisk
Dressing, olie-eddike, kalorielet;47;0.3;8.9;1.1;krydderi
Melboller, uspec.;184;5.4;12.8;11.6;bm
Squash, alle typer, rå;17;1.7;1.4;0.2;fg
Hvedebrød, groft, kærnebrød;231;7.6;40.3;2.6;bm
Avocado, rå;172;1.9;0.5;13.1;fg
Hvedeklid;291;16;24.8;5.3;korn
Læskedrik, koncentreret (1+5), tilsat sukker, uspec.;252;0;63;0;drikke
Rødbede, konserves;60;1;11.9;0.3;fg
Brune linser, tørrede, rå;336;25.1;48.9;2;fg
Tomat, importeret, rå;33;1.1;3.2;0.4;fg
Hummer, kogt;90;18.7;0.3;1.5;fisk
Hummer, konserves;90;18.7;0.3;1.5;fisk
Salat, hovedsalat, rå;14;1.3;2.1;0.4;fg
Margarine, 70 %, bordbrug, blød, vegetabilsk fedt;681;0.8;0;70.6;bm
Rødkål, konserves;75;1;16.3;0.2;fg
Litchi, lichiblomme, kinesisk blomme, rå;71;0.8;15.2;0.4;fg
Pizza, dybfrost, uspec.;190;8.9;23.8;6.1;snack
Granatæble, rå;74;0.9;16.6;0.3;fg
Guavabær, rå;42;0.9;6.3;0.5;bær
Havkat, plettet, rå;107;16;0;4.8;fisk
Musling, konserves;103;17;0;3;fisk
Ananaskirsebær, rå;51;1.9;7.2;0.7;bær
Rygeost, 10 % fedt;130;8.5;2.8;9.1;bm
Brasen, rå;108;16.7;0;4;fisk
Hjerte, okse, råt;103;17.7;0.7;3.1;kød
Hjerte, gris, råt;103;16.1;0.4;4.3;kød
Rugbrød med fedtrige frø og kerner, industrifremstillet;214;6.1;33.3;4.3;bm
Valnød, tørret;707;16.6;2.8;64.6;nød
Asparges, konserves;16;1.6;1.2;0.1;fg
Hvidløg, tørret, pulver;345;16.8;62.7;0.8;krydderi
Pizza med broccoli, dybfrost;194;8.7;23.6;6.7;snack
Salat, Radicchio rosso, rå;24;1.4;3.6;0.3;fg
Æg, høne, tørret;564;50.7;4.2;38.3;fjerkræ
Hummer, rå;93;19.6;0.8;1.3;fisk
Jomfruhummer, rå;93;19.6;0.8;1.3;fisk
Knækbrød, hvede-, grahamstype;371;14.3;59.8;6.2;bm
Karry, pulver;342;12.7;25.2;13.8;krydderi
Rødfisk, lille, filet, rå;90;19.1;0;1.5;fisk
Kartoffel, chips, fedtreducerede;488;5;44.9;23;snack
Tungepølse, pålæg;148;9.8;4.8;10;kød
Sej, filet, dybfrost;91;20.5;0;0.9;fisk
Fløde 18 %;190;2.6;3.9;18;bm
Voksbønner, konserves;26;1.4;3.7;0.3;fg
Hvedebrød, groft, fiberbrød;216;10.7;36.4;1.9;bm
Skinke, kogt, konserves;111;15.7;0;5.4;kød
Surbrød;249;7.6;46.4;2.8;bm
Æg, høne, langæg, kogt, dybfrost;129;12;2.2;8;fjerkræ
Brombær, syltede;197;0.3;48.1;0.2;bær
Mangomarmelade;216;0.2;53.1;0.1;snack
Creme fraiche 18 %;192;2.8;2.8;18.6;bm
Grahamsbrød;249;8.9;45.5;2.6;bm
Lever, gåse, rå;129;16.4;6.3;4.3;fjerkræ
Salt kød, pålæg;100;19.2;0;2.6;kød
Chokolade, fløde;545;7.1;62.4;31.7;bm
Sigtebrød;249;8.3;45.8;2.8;bm
Hvedebrød, italiensk, store, industrifremstillet;258;9;48.4;2.5;bm
Miso, sojapasta;167;10.5;18.1;4.6;korn
Grønne bønner, konserves;25;1.5;2.8;0.3;fg
Linser, tørrede, rå;347;26.2;53.2;2.5;fg
Kråse, kylling, rå;113;18.2;0.5;4.2;fjerkræ
Knudekål, glaskål, rå;25;1.7;2.6;0.1;fg
Brøndkarse, rå;18;1.7;0.7;0.2;fg
Dressing, creme fraiche, kalorielet;213;1.3;9.3;18.9;krydderi
Æg, høne, blomme, tørret;656;34.5;2.5;56.5;fjerkræ
Flûte, fint, industrifremstillet;256;9;50.8;1.2;bm
Kartoffel, konserves;56;1.4;10.9;0.2;fg
Paranød, tørret, rå;689;17.3;2.9;65;nød
Skinke, kogt, skiveskåret;109;17.9;0.3;4;kød
Bækforel, rå;98;18.5;0;2.7;fisk
Kødboller, dybfrost;163;10.5;9;9.4;kød
Æg, høne, pasteuriseret;131;11.4;2;8.6;fjerkræ
Kalvekød, helt magert, råt;92;18.1;0;2.2;kød
Helleflynder, røget;103;20.6;0;1;fisk
Hvedebrød, toastbrød, fint, industrifremstillet;255;8.7;47;2.8;bm
Brombær, dybfrost, usukrede;66;1.2;13;0.4;bær
Kokosmel;685;7.6;5.3;61.3:korn
Lammebrissel, rå;131;15.3;0;7.8;kød
Høne, kød, rå;110;20.3;0;2.7;fjerkræ
Ribsgele;238;0.2;59;0.1;krydderi
Helleflynder, rå;103;20.6;0;1;fisk
Lever, kylling, rå;116;19.1;5;4.2;fjerkræ
Ørred, hav-, rå;132;17.9;0;6.7;fisk
Batat, sød kartoffel, rå;72;1.3;14.5;0.3;fg
Bladbede, sølvbede, rå;21;1.8;2.1;0.2;fg
Løg, rå;43;1.2;5.4;0.1;fg
Jordbær, syltede;202;0.3;49;0.3;bær
Kaffe, instant, pulver;302;19.5;11;1.7;drikke
Parmesan, revet;428;37.7;0.1;28.6;bm
Hvedebrød, bolle, grov, industrifremstillet;246;9;43.5;2.7;bm
Kiwi, rå;62;1;11.7;0.8;fg
Skinke, inderlår, helt afpudset, rå;106;21.4;0;2.2;kød
Kirsebær, syltede;144;1;34.4;0.1;bær
Torsk, filet, stegt;120;18.7;0;5;fisk
And, kød, rå;126;18.3;0;5.1;fjerkræ
Kalkun, bryst (filet), kogt/røget, pålæg;107;21;1.7;1.8;fjerkræ
Pizza med tunfisk, dybfrost;203;11;25.9;5.7;snack
Flødeskumskage, kartoffelkage;374;5.2;55;14.6;snack
Kalkun, kød, rå;105;21.3;0;2.2;fjerkræ
Skinkemignon (lårtunge), helt afpudset, rå;117;19.3;0;4.4;kød
Loganbær, frosne;50;1.5;7.7;0.3;bær
Rugbrød, med sigtet mel (soft) og fedtrige frø, industrifremstillet;228;6.9;34.6;5.2;bm
Stenbider, rå;168;9.8;0;14.2;fisk
And, brystkød, rå;116;19.4;0;4.3;fjerkræ
Grisefilet, helt afpudset, rå;106;22.3;0;1.9;kød
Forårsløg, rå;33;1.8;4.7;0.2;snack
Kikærter, tørrede, rå;366;20.4;45.9;6.9;fg
Lever, okse, rå;122;20.3;5;3;kød
Grisefilet, røget, pålæg;112;19.4;0.2;3.8;kød
Tørkage, napoleonshatte;474;7;55.8;24.1;snack
Hvedebrød, toastbrød, groft, industrifremstillet;256;9.2;45.5;3.2;bm
Skinke, yderlår, helt afpudset, råt;115;20.2;0;3.9;kød
Lever, ande, rå;131;18.7;3.5;4.6;fjerkræ
Marcipanprodukt, m/chokolade, uspec.;483;4.9;57;25.7;snack
Hamburgerryg, røget;47;iv;0;4.9;kød
Hamburgerryg, kogt;121;18.4;0;4.9;kød
Tun i tomat, konserves;113;17.2;4.6;2.9;fisk
Savoykål, rå;27;2;3;0.1;fg
Asparges, uspec., rå;23;1.9;1.2;0.3;fg
Kylling, bryst (filet), kogt, pålæg;113;20.6;0.4;3.2;fjerkræ
Røde linser, tørrede, rå;357;27.3;52.4;2.9;fg
Citronskal, rå;52;1.5;5.4;0.3;krydderi
Pistacienød, tørristet med salt;589;25.2;13.5;46;nød
Kirsebærsaft, sød, koncentreret;171;0.5;41;0.5;drikke
Ribssaft, sød, koncentreret;171;0.5;41;0.5;drikke
Hindbærsaft, sød, koncentreret;171;0.5;41;0.5;drikke
Jordbærsaft, sød, koncentreret;171;0.5;41;0.5;drikke
Grønne bønner, rå;30;1.9;5.9;0.2;fg
Dild, tørret;319;20;43.9;4.4;krydderi
Pølsebrød;252;9.5;43.1;3.8;bm
Selleri, blade, rå;34;1.8;4.1;0.3;krydderi
Tyttebær, rå;54;0.8;7.1;0.5;bær
Oksekød, inderlår uden kappe, rå;112;22.3;0;2.5;kød
Grisemørbrad, afpudset, rå;115;21.2;0;3.3;kød
Knækbrød, hvede-, fint;399;12.4;62.6;8.4;bm
Hare, rå;111;21.6;0;1.9;kød
Ørred, regnbue-, rå;145;18.7;0;7.8;fisk
Koriander, frø;346;12.4;13.1;17.8;krydderi
Hjerte, høne (kylling), råt;149;15.6;0.7;9.3;fjerkræ
Grisekød, uspec., magert, råt;114;21.8;0;3;kød
Torsk, rogn, rå;120;23.2;1.5;2.6;fisk
Lever, gris, rå;122;21.1;3;3.4;kød
Blomkål, dybfrost;27;2;3.7;0.3;fg
Krabbekløer, rå;112;22.9;0;1.8;fisk
Krabbekløer, konserves;112;22.9;1.1;1.8;fisk
Kalkun, kød og skind, rå;126;20.2;0;5;fjerkræ
Grovfranskbrød;259;9.1;42.8;3.3;bm
Marcipan;478;13.3;42;26.5;snack
Hvedebrød, kastanjebrød;258;8.7;44.3;4.1;bm
Hyldebærsaft, sød, koncentreret;219;0.5;53.2;0.5;drikke
Marmelade, engelsk type;277;0.1;66.2;0;snack
Kylling, kød, rå;128;19.3;0;5.6;fjerkræ
Lammekød, kølle, afpudset, rå;128;19.6;0;5.5;kød
Hvalkød, råt;111;22.3;0;2.4;kød
Kalvekød, magert, råt;121;18.6;0;5.2;kød
Blomkål, dansk, rå;24;2;1.9;0.4;fg
Krabbe, kogt;129;20.1;0.5;5.2;fisk
Kartoffel, kogt;85;1.7;18.6;0.1;fg
Rype, kød, rå;112;23.5;0.1;2;kød
Abrikosmarmelade;221;0.4;53.7;0.2;snack
Chokolade, fløde, med nødder;575;8.8;42.9;37.5;snack
Oksekød, tykstegsfilet uden kappe, rå;122;21.8;0;3.9;kød
Pinjekerne, tørret;678;16.5;9.8;61.9;korn
Kanin, kød, rå;118;20.4;0;4;kød
Peber, chili, rå;44;2;7.7;0.2;fg
Flûte, groft, industrifremstillet;259;8.9;47.9;2.6;bm
Cashewnød, tørristet;603;18.1;26.9;46.4;nød
Hvedebrød, bolle, italiensk type, industrifremstillet;256;9.7;48.4;1.9;bm
Oksekød, uspec., helt magert, råt;125;21.5;0;4.3;kød
Oksekød, klump uden kappe, rå;132;20.4;0;5.6;kød
Kaviar, uægte (lodderogn);185;9.1;5.7;14;fisk
Grønne bønner, dybfrost;40;2;5.1;0.3;fg
Morgenmadsprodukt, Guldkorn;386;7.2;78.1;1.3;snack
Porre, rå;35;2;3.7;0.2;fg
Tun i vand, konserves;107;23.9;0;1.2;fisk
Reje, dybvands-, kogt;110;24;0.7;1.1;fisk
Flødeskumskage, walesbolle/-kringle;324;4.1;24.9;22.9;snack
Roastbeef, pålæg;120;21.7;0.3;3.5;kød
Flødeskumskage, uspec.;312;2.7;28.1;20.6;snack
Oksekød, mørbrad, afpudset, rå;137;20;0;6.4;kød
Fårekød, kølle, rå;134;20.1;0;6;kød
Frugtpålæg, figen;316;2.5;32.2;4.5;snack
Koriander, blade, tørrede;318;21.9;41.5;4.8;krydderi
Hvedebrød, trekornsbrød;264;9.8;44;4.2;bm
Bondebrød med fedtrige frø, industrifremstillet;235;8.1;36.5;4.5;bm
Hvedebrød, bolle, fin, industrifremstillet;271;9.5;50.6;2.8;bm
Kartoffel, chips (franske kartofler);532;5.4;44.9;31.9;snack
Appelsinmarmelade;202;0.5;49;0.3;snack
Grisekød, bagskank uden svær, rå;143;18.9;0;7.5;kød
Ørred, dam-, sø-, rå;145;18.6;0;7.8;fisk
Spinat, hakket, dybfrost;26;2.1;2.2;0.5;fg
Fasan, kød, rå;122;22.2;0;3.6;fjerkræ
Yams, rå;111;1.5;23.8;0.2;fg
Kartoffel, ny (maj til september), rå;76;1.8;15.8;0.3;fg
Bøfsandwich med salat og dressing, fastfood;227;9.3;20;11.8;snack
Æg, and, rå;181;12.8;1.4;13.8;fjerkræ
Tunge, gris, rå;182;17;6;10;kød
Kiwimarmelade;225;0.4;54.7;0.2;snack
Tunge, gris, saltet;182;17;5.9;10;kød
Isvaffel med vaniljeis, uspec.;276;3.9;35;13.4;snack
Frugtpålæg, uspec.;320;2.7;56.1;5.6;snack
Due, vildt, kød, rå;142;18.5;0;7.5;fjerkræ
Franskbrød;271;9.6;47;3.9;bm
Solbærsaft, sød, koncentreret;199;0.5;48;0.5;drikke
Hvedebrød, valnøddebrød;280;9.8;46.5;5.1;bm
Peanuts, (jordnød, ristet og saltet);632;28.4;8.1;53.3;nød
Brisling, rå;136;10.3;0;10.5;fisk
Koriander, blade, friske;22;2.1;0.9;0.5;krydderi
Bambusskud, konserves, saltet;25;2.6;3.2;0.1;fg
Bambusskud, konserves, usaltet;25;2.6;3.2;0.1;fg
Oksekød, skank (osso buco), rå;140;21.4;0;6;kød
Oksekød, højrebsfilet, afpudset, rå;135;22.4;0;5;kød
Syre (krydderplante), rå;21;2;0.3;0.7;krydderi
Kvark, 45+;197;11;3.6;15.4;bm
Æg, gås, rå;180;13.9;1.4;13.3;fjerkræ
Sukker, brun farin;382;0;94;0;snack
Kaffe, instant, decaffeinated, pulver;352;13.7;73.9;0.2;drikke
Asparges, hvide, rå;26;2.4;2.5;0.3;fg
Oksekød, yderlår, råt;146;20.5;0;7.1;kød
Solbær, syltede;197;0.6;46.5;0.4;bær
Kylling, ben, kød og skind, rå;152;18.4;0;8.7;fjerkræ
Solbærmarmelade;199;0.5;47.1;0.4;snack
Kylling, lår, kød og skind, rå;155;18.7;0;8.9;fjerkræ
Flûte med fedtrige frø, industrifremstillet;270;9.4;48.5;3.3;bm
Grønkål, frossent;29;2.1;2.1;0.6;fg
Kørvel, hakket, dybfrost;24;2.2;1.4;0.6;krydderi
Oksekød, lårtunge, rå;145;21.5;0;6.5;kød
Melbanan, grønsagsbanan, plantain, rå;131;1.3;29.6;0.4;fg
Tyggegummi, med sukker, uspec.;358;0.2;88.2;0;snack
Hellefisk, gravad;178;12.3;0;14.3;fisk
Hellefisk, rå;178;12.3;0;14.3;fisk
Knækbrød, fladbrød;361;10;67.1;2.3;bm
Hvedebrød, sandwich/toastbrød med fedtrige frø, industrifremstillet;268;8.9;43.6;5.6;bm
Wienerpølse, konserves;201;10.6;1.4;17;kød
Grøntsagsjuice, pasteuriseret;53;2.1;0.5;0.4;drikke
Kongeål (pighaj), rå;161;19.1;0;8.9;fisk
Bolcher, blandede;390;0;69.4;0;snack
Tun, rå;117;26.8;0;1.1;fisk
Kalkunkød, hakket, 0-5% fedt, råt;131;22.1;0;4.8;fjerkræ
Likør, kaffe med fløde;332;2.8;20;15.7;drikke
Kylling, bryst, kød og skind, rå;149;21.5;0;6.9;fjerkræ
Nougat;550;8.7;55.9;32.3;snack
Oksekød, uspec., magert, råt;152;20.4;0;7.8;kød
Tunge, okse, rå;187;16.2;0.4;12.4;kød
Tunge, kalv, saltet;157;13.1;0.9;11.6;kød
Broccoli, kogt;35;2.4;3.9;0.4;fg
Marmelade, uspec.;203;0.5;48.5;0.5;snack
Kirsebærmarmelade;203;0.5;48.5;0.5;snack
Sild, paneret, stegt, i lage;272;12.8;23.5;14;fisk
Ispind, vanille med chokoladeovertræk;275;3;23;19;snack
Laks, atlantisk, vild, konserves;228;20.3;0;8.2;fisk
Tomatketchup, stærk;102;2;0.8;0;krydderi
Hestekød, råt;166;19;0.6;10;kød
Sardin, i tomat, konserves;152;16.4;3.6;8;fisk
Kyllingepølse, pålæg;194;12.8;1.9;15;fjerkræ
Champignon, konserves;22;2.5;0;0.5;fg
Hvedebrød, solsikkebrød;269;9.9;43.5;5.1;bm
Purløg, rå;26;2.4;1.5;0.6;fg
Hindbær, dybfrost, rå;53;1.4;6.5;1.3;bær
Kumquat, guldorange, dværgappelsin, rå;65;1.1;9.5;1.5;fg
Tunge, kalv, rå;160;12.6;0.9;12.2;kød
Ispind, limonade;88;0.5;16.9;2;snack
Yderlår, skinkeculotte, ca. 2 mm spæk, rå;162;19;0;9.6;kød
Krydderskinke, udbenet;203;12;4.6;15.2;kød
Pastinak, rå;63;2.1;10.2;0.5;fg
Kartoffel, efterår (oktober til januar), rå;86;2.2;18.1;0.2;fg
Maniok, kassava, rå;155;1.4;36.3;0.3;fg
Oksekød, inderlår med kappe, rå;162;21.1;0;8.6;kød
Remoulade, fedtreduceret, uspec.;228;0.8;3.1;23.5;krydderi
Oksekød, hakket, 10-15% fedt, rå;164;19.4;0;9.7;kød
Tyggegummi, uden sukker, uspec.;342;0.6;83.6;0;snack
Oksekød, mellemskært, råt;164;20.8;0;9;kød
Grisekød, hakket, 5-10% fedt, råt;174;18.4;0;11.2;kød
Kartoffel, gammel (februar - juni), rå;81;2.2;16.8;0.3;fg
Broccoli, dybfrost;27;2.8;1.8;0.3;fg
Klipfisk, rå;99;24.3;0;0.2;fisk
Grisekød, nakkefilet, helt afpudset (Nakkekotelet), rå;182;17.4;0;12.4;kød
Jordskok, rå;79;2.1;15.1;0.6;fg
Likør, kaffe;342;0.1;46.8;0.3;drikke
Gås, kød, rå;158;22.8;0;7.1;fjerkræ
Rundstykke, spansk;281;10.3;53.8;2;snack
Grønkål, konserves;30;2.2;1.6;0.9;fg
Spinat, konserves;22;2.7;0.7;0.5;fg
Kylling, kød og skind, rå;174;18;0;11.3;fjerkræ
Makrel i tomat, konserves;155;11.7;3.9;10.3;fisk
Champignon, rå;26;2.9;0;0.3;fg
Roulade, abrikos;327;4;61;7.3;snack
Oksekød, tykstegsfilet med kappe, rå;171;19.4;0;10.4;kød
Kiks, Marie;435;7.7;72.5;10.6;bm
Karse, frisk;27;2.8;0.2;0.5;krydderi
Bønnespirer, mung, rå;34;3;4.1;0.2;fg
Lakrids, sød;345;3.6;42.7;2;snack
Hindbærmarmelade;203;0.6;48.1;0.6;snack
Yderlår, skinkesteg, med svær, rå;182;18.5;0;12;kød
Persillerod, rå;55;2.3;8;0.6;fg
Vallepulver, tørret;359;12.7;74.7;1.1;korn
Bønnespirer, uspec., rå;37;3;5.1;0.3;fg
Minarine, 30 %, vegetabilsk fedt;319;0.5;0.4;30.2;bm
Oksekød, tykbov (marvpibebov), rå;182;19.9;0;11.4;kød
Torsk, rogn, røget;145;26.8;0.1;4.2;fisk
Medisterpølse, rå;219;12.2;4.7;17.4;kød
Musling, kogt;165;23.8;0;4.5;fisk
Kalvekød, middelfedt, råt;184;20;0;11.3;kød
Grisebov med svær, rå;189;18.2;0;12.9;kød
Smørbart blandingsprodukt, 80% fedt;731;0.4;0.5;80.8;bm
Grisekød, uspec., ca. 10 % fedt, råt;183;18.7;0;12;kød
Kylling, vinge, kød og skind, rå;187;19.2;0;12.2;fjerkræ
Hvedebrød med fedtrige frø, store, industrifremstillet;267;10.5;39.1;6.4;bm
Brisling (sardin), i tomat, konserves;206;15.1;0.5;16;fisk
Lammekød, bov, rå;231;18.5;0;17.4;kød
Fasan, kød og skind, rå;170;21.7;0;9.3;fjerkræ
Jordbærmarmelade;226;0.5;54.3;0.5;snack
Laks, atlantisk, vild, koldrøget;162;21.4;0;8.4;fisk
Pastiller, sukkerfri, uspec.;374;1;90.1;1.1;snack
Hellefisk, røget;202;14.3;0;16.1;fisk
Grisekam uden svær, ca. 3 mm spæk, rå;197;19.2;0;13.3;kød
Blomkål, importeret, rå;31;3.1;1.9;0.4;fg
Karameller, blandede;482;2.1;67.7;20.9;snack
Mayonnaise;730;1.1;0.1;80;krydderi
Leverpostej;238;11.3;4.7;19.2;kød
Æblegele;243;0.5;59;0.5;snack
Solbærgele;243;0.5;59;0.5;snack
Grovbolle;286;10.5;49.4;4;bm
Smør, usaltet;743;0.2;0.6;82.5;bm
Gåsefedt;898;0;0;99.8;fjerkræ
Lammekød, kølle, med fedt, rå;201;18.4;0;14.1;kød
Plantemargarine, 80%, stege/bage;726;0.1;0.9;80.2;bm
Oksekød, tykkam, rå;197;19.4;0;13.3;kød
Margarine, 80 %, bordbrug, blød, vegetabilsk fedt;727;0.8;0;79.8;bm
Skinke, røget, kogt;199;18.3;0;14;kød
Chokolade, mørk;549;5.7;59.6;31.8;snack
Tomatsuppe, spiseklar;72;1.6;12.7;1.5;fg
Sild, marineret, kryddersild;229;12.4;10.7;15.2;fisk
Sild, røget;216;20.5;0;14.9;fisk
Skinkeculotte (yderlår), ca. 5 mm spæk, råt;222;19.2;0;13.8;kød
Laks, atlantisk, vild, gravad;178;21.2;2.8;9.2;fisk
Margarine, 80 %, bordbrug, vegetabilsk fedt;731;0.8;0;80.6;bm
Ansjos, marineret, konserves;215;13.4;10;13;fisk
Brisling (ansjovis), marineret, konserves;215;13.4;0;13;fisk
Margarine, 80 %, stegning/bagning, animalsk og vegetabilsk fedt;737;0;0;81.9;bm
Høne, kød og skind, rå;214;17.1;0;15.9;fjerkræ
Margarine, 80 %, bordbrug, animalsk og vegetabilsk fedt;739;0;0;82.1;bm
Oksekød, spidsbryst, råt;213;17.6;0;15.6;kød
Poulard, kød og skind, rå;190;19;3.7;11;kød
Oksekød, tyndbov + mellembov, rå;205;19.2;0;14.2;kød
Skinkepølse, pålæg;222;15.1;2.7;16.8;kød
Margarine, gennemsnit;742;0;0.6;82.4;bm
Flødeskumskage, gåsebryst;342;3.1;41.5;18.1;snack
Dressing, italiensk;299;0.4;10.4;28.4;krydderi
Hvedebrød, bolle, grov, med fedtrige frø, industrifremstillet;280;9.9;45.3;5.5;bm
Skummetmælk, økologisk;35;3.4;4.8;0.3;bm
Skummetmælk;35;3.4;4.8;0.3;bm
Bambusskud, rå;41;3.6;6;0.1;fg
Smør, saltet;741;0.7;0.6;81.5;bm
Oksekød, uspec., middelfedt, råt;242;19.7;0;14.2;kød
Sild, marineret, i madeirasauce;232;14;8;16;fisk
Passionsfrugt, grenadil, rå;104;2.8;15.2;1.8;fg
Pølse, bierwurst;228;14.6;3.7;17.2;kød
Syltetøj, uspec.;267;0.6;65.7;0;snack
Grisebryst, slag, rullesteg, råt;217;17.9;0;16.1;kød
Roulade, hindbær;339;3.6;59.8;9.3;snack
Bayonneskinke, udbenet;193;20.8;0.4;12;kød
Sukkerært (mangetout), rå;48;3.8;6.4;0.3;fg
Roulade, uspec.;351;3.9;60;9.7;snack
Rundstykke;294;10.6;51.7;3.6;snack
Oksekød, culotte, rå;211;19.3;0;14.9;kød
Lakrids, uspec.;359;3.7;83.3;1.2;snack
Skummetmælk, 0.5 % fedt;37;3.4;4.8;0.5;bm
Oksekød, hakket, 15-20% fedt, rå;217;17.8;0;16.2;kød
Kærnemælk med citronsaft;50;3.2;7.5;0.5;bm
Oksekød, tyndsteg med mørbrad, rå;211;20.3;0;14.4;kød
Kalv og flæsk, hakket, 15-20% fedt, råt;218;17.6;0;16.4;kød
Flødeskumskage, medalje;370;3.6;38.8;22;snack
Rosenkål, dybfrost;46;3.3;4.8;0.5;fg
Jagtpølse, pålæg;246;13.1;2.5;20.3;kød
Kaffebønne, ristet, formalet;399;14.6;28.5;15.4;korn
Grisekød, hakket, 15-20% fedt, råt;224;17.1;0;17.2,kød
Grisebryst, kogestykke uden svær, ca. 2 mm spæk, rå;228;17.4;0;17.6;kød
Sild, marineret, i karrysauce;279;7.6;11.7;22.4;fisk
Kakao, instant, med mælk, pulver;382;5.5;73.6;3.4;snack
Rødspætte, filet, paneret, friturestegt;252;15.2;17.7;13.2;fisk
Oksekød, tyndstegsfilet med fedtkant, rå;218;20.3;0;15.2;kød
Tørkage, kransekage;484;10.1;51.2;25;snack
Hvedekim, rå;379;30.1;41.8;9.6;korn
Kuller, paneret, stegt;198;25;1.2;10;fisk
Tun i olie, konserves;202;24.9;0;10.4;fisk
Skorzonerrod, rå;83;3.3;15.3;0.2;fg
Fårekød, bov, rå;228;18.7;0;17;kød
Kylling, kød og skind, grillstegt;194;24.2;0;10.8;fjerkræ
Chokolade, koge-;562;5.7;59.6;34.3;snack
Wienerpølse, kogt, fastfood;261;12.7;4.3;20.3;kød
Flødeskumskage, napoleonskage;359;2.8;32;24.2;snack
Kanel, stang;246;4;24.4;1.2;snack
Sirup;308;0.3;76.7;0;snack
Kantarel, rå;40;2.9;1.8;1.3;fg
Kødpølse, pålæg;272;11.2;1.8;24.4;kød
Sapote, stor sapodil, rå;144;2.1;31.2;0.6;fg
Flæskesvær, snacks;580;54.1;0;40.3;snack
Malakoffpølse, pålæg;273;9.8;5.1;23.7;kød
Makrel, filet, naturel, konserves;224;19;0;16.4;fisk
Ribbensstegssandwich;277;12.3;24.4;14.1;kød
Cacaoskummetmælk;58;3.5;9.3;0.5;drikke
Oksekød, højrebsfilet med kappe, rå;234;19.5;0;17.3;kød
Camembert, 30+;199;24.5;0.1;11;bm
Grisekød, uspec., ca. 20 % fedt, råt;243;17.9;0;19;kød
Lakrids, salt;355;4.4;43.4;1;snack
Kiks, fuldkorns-, digestivetype;460;7.1;66.5;16.5;snack
Grisekød, mellemkam med svær, rå;268;18.3;0;21.7;kød
Vingummi;349;6.6;74.4;0.9;snack
Brisling (sardin), i olie, konserves;205;24.6;0;11.3;fisk
Sardin, i olie, konserves;205;24.6;0;11.3;fisk
Kiks til ost, Cream Crackers;443;10.3;64.2;13.9;snack
Grisebryst, kogestykke med svær, rå;294;16.3;0;25.4;kød
Modermælk, colostrum;58;2;6.6;2.6;bm
Morgenmadsprodukt, Havrefras;380;14.2;56.4;7.2;snack
Pølse, cervelatpølse, pålæg;277;11.1;4.5;23.7;kød
Mintgele;269;0.5;65.5;0.5;krydderi
Sild, høstsild, fedsild, rå;248;19.3;0;19;fisk
Spædbørnsmad, modermælkserstatning, lavt jernindhold, drikkeklar;61;1.2;7.5;3.5;bm
Vekao;561;4.3;59.4;33.9;snack
Medisterpølse, røget;285;11.6;4.1;25;kød
Sandwich med skinke og ost, toasted, fastfood;298;11;32.8;13.2;kød
Lucerne, alfalfa, frø;405;35.1;33.9;12.6;korn
Dressing, mayonnaise;348;1.2;12.6;32.5;krydderi
Rugsigtemel (udmalingsgrad ca. 70 %);342;6.7;72.4;1.4;korn
Oksekød, entrecote med kappe, rå;265;18.2;0;21.3;kød
Kippers i olie, konserves;249;20.5;0;18.5;krydderi
Spegesild;264;13.1;0;23.5;fisk
Letmælkskefir;48;3.4;3.8;1.6;bm
Letmælk, økologisk;47;3.4;5.1;1.5;bm
Dressing, olie-eddike;350;0.6;9.8;34.3;krydderi
Muskatnød, hel;507;6;4;36.3;nød
Rullepølse, pålæg;208;iv;iv;22.8;kød
Rosenkål, vinter (januar til april), rå;51;4.4;5.1;0.5;fg
Kørvel, rå;21;2.2;0.7;0.6;krydderi
Pølse, bratwurst, thüringer;283;14.4;1.1;24.5;kød
Jordnøddesmør;637;26.1;12.2;53.7;snack
Pølse, krakowpølse;284;15.2;0;24.8;kød
Majs, kerner, konserves;101;3.1;16.1;1.1;korn
Æble, tørret;253;0.9;57.2;0.3;fg
Modermælk, overgangsmælk (10. dag efter fødslen);67;1.5;6.9;3.7;bm
Yoghurt, med frugt, 1.5 % fedt;73;3.5;10.4;1.3;bm
Leverpølse, kalv, pålæg;281;13.5;0;25.2;kød
Kalvekød, fedt, råt;274;17.3;0;22.8;kød
Sprængt nakke, grisekød;264;19.5;0.1;20.6;kød
Småkage, uspec.;502;5.8;61.9;26.1;snack
Fløde 38 %, piskefløde;360;2.1;3;38;bm
Honning;327;0.3;75.1;0;snack
Sojadrik, kommercielt tilberedt, ikke beriget;55;3.4;5;2.3;bm
Modermælk, moden;71;1.3;7.2;4.1;bm
Creme fraiche 38 %;363;2.1;2.2;38.4;bm
Laks, atlantisk, vild, saltet;198;8.5;0;18.2;fisk
Blodpølse, kogt;312;10.7;18.1;20.8;kød
Æg, høne, blomme, saltet, pasteuriseret;269;14;0.3;23;fjerkræ
Bækforel, filet, røget;204;27.7;0;10.3;fisk
Cacaomælk (UHT);69;3.5;9.3;1.7;drikke
Wienerpølse, ristet, fastfood;292;14;4.3;25.1;kød
Pekannød, olieristet;747;10.9;1.9;75.2;nød
Pecannød, tørristet;742;11.2;2.5;74.3;nød
Minarine, 40 %, vegetabilsk fedt;374;0.5;0.4;41.3;bm
Rosenkål, efterår (oktober til december), rå;57;4.8;6.3;0.5;fg
Boghvedemel;343;12.8;48.8;2.8;korn
Gær, tørret;315;35.6;29.9;1.5;bm
Due, vildt, kød og skind, rå;287;18.2;0;23.8;fjerkræ
Grisebryst, stegestykke, uden svær, ca. 2 mm spæk, rå;303;15.5;0;26.8;kød
Smelteost, 20+;226;27.8;0.1;12.4;bm
Danbo, 20+;225;27.8;0.1;12.4;bm
Tang, kombu, tørret;245;7.9;49.5;0.5;fg
Cacaomælk;69;3.6;8.8;1.8;drikke
Kakao, instant, uden mælk, pulver;392;5.3;73.6;3.8;drikke
Salat, mayonnaise-, karry-;375;1.7;8.3;37.1;krydderi
Pommes frites, friturestegt, fastfood;311;3.7;39;14.8;snack
Æg, blomme, tilsat sukker, pasteuriseret, dybfrost;313;14.2;10.3;23.4;fjerkræ
Ost, fast, 20+, alle typer;221;29.3;0;11;bm
Flødeost, 60+;334;10;2.1;31.5;bm
Tomatpure, koncentreret;89;4.3;14.8;0.5;fg
Sojabønner, tørrede, rå;412;35.8;17.5;18.4;fg
Kødextrakt, terning;238;16;10.9;8.9;krydderi
Majs, kerner, dybfrost;112;3.3;20.5;1.4;korn
Makrel, røget;300;18;0;25.3;fisk
Kogt oksebryst, pålæg;275;19;0;22.1;kød
Dressing, thousand island;375;1.1;12.7;35.1;krydderi
Kammerjunkere;467;6;66.4;17.8;snack
Risengryn, grødris, polerede, rå;360;6.8;78.1;1.3;korn
Skinke, røget;231;28.4;0;13;kød
Smelteost, 30+;256;25.9;0.1;16.5;bm
Brie, 45+;285;20.3;0.1;22;bm
Kylling, kød og skind, paneret, friturestegt;283;22.5;9.1;17.4;fjerkræ
Æg, høne, blomme, rå;324;15.6;0.2;28.4;fjerkræ
Oksekød, uspec., fedt, råt;322;16.4;0;28.4;kød
Oksekød, tyndbryst, råt;278;7;0;27.8;kød
Lammekød, uspec., råt;330;13.9;0;30.5;kød
Camembert, 45+;288;21;0.1;22.4;bm
Kylling, kød og skind, friturestegt;260;28.3;0;16.3;fjerkræ
Oksekød, tykbryst, råt;229;15.9;0;18.4;kød
Sildepostej;346;11.1;0.8;33.1;fisk
Boghvedegryn, rå;355;7.5;76.4;1.4;korn
Feta, 50+;304;17.4;0.5;25.2;bm
Skummetmælksost, max. 5+;185;42.2;0.1;0.9;bm
Tomatpure;43;1.6;8.6;0.2;krydderi
Ål, rå;310;15.1;0;27.7;fisk
Grisebryst, stegestykke med svær, rå;358;15;0;33.1;kød
Remoulade, uspec.;380;1.1;12;36.8;krydderi
Oksekød, tværreb, råt;330;15.3;0;29.9;kød
Ris, polerede, rå;354;8.8;78.1;1.2;korn
Bouillon, oksekød, koncentreret, terning;160;17;12;3.2;krydderi
Rismel;360;7.7;78.9;1.3;korn
Kakao, pulver;405;22.5;10.5;21.9;snack
Oliven, sorte, saltede, i olie;358;2.2;4.9;35.8;fg
Rugmel, halvsigtet (udmalingsgrad ca. 85 %);336;8.6;66.2;1.8;korn
Danbo, 30+;257;27.8;0.1;15.7;bm
Oksekød, slag, råt;335;16.1;0;30.1;kød
Tomatketchup;114;3;18.4;2.4;krydderi
Baked beans i tomatsovs, konserves;88;5.1;9.6;0.5;fg
Sødmælk (UHT);63;3.4;4.6;3.5;bm
Sødmælk, økologisk;64;3.3;4.4;3.5;bm
Lammekød, rygstykke, råt;290;15.8;0;20.4;kød
Grisekød, uspec., fedt, råt;346;14.4;0;32;kød
Yoghurt med jordbær;84;3.2;10.6;3.1;bm
Ris, parboiled, rå;358;8.2;78.1;1.2;korn
Kartoffelmel;342;0.2;85;0.1;korn
Yoghurt med skovbær;86;3.2;10.6;3.1;bm
Ost, fast, 30+, alle typer;263;28.1;0.1;16;bm
Spædbørnsmad, modermælkserstatning, højt jernindhold, pulver;505;11.1;56.9;25.9;bm
Fersken, tørret;333;4.9;51.1;1;fg
Camembert, 50+;306;17.5;0.1;26.2;bm
Ab-mælk, syrnet sødmælk;63;3.4;3.8;3.6;bm
Tykmælk;63;3.4;3.8;3.6:bm
Cultura, syrnet sødmælk (HISTORISK);63;3.4;3.8;3.6;bm
Kefir (HISTORISK);63;3.4;3.8;3.6;bm
Yoghurt med peach melba;87;3.2;10.7;3.2;bm
Yoghurt, sødmælk, med frugt;89;3.2;10.3;3.2;bm
Maribo, 30+;268;28.5;0.1;16.4;bm
Yoghurt med pære og banan;89;3.2;10.3;3.2;bm
Yoghurt med kirsebær;89;3.3;10.3;3.1;bm
A38, acidophilus tykmælk;67;4.8;3.5;3.5;bm
Birkes, frø;549;18;13.7;44.7;snack
Bygmel;338;9.9;56;3;korn
Pastiller, med sukker, uspec.;371;4.4;84.9;1.6;snack
Pasta, kogt;128;5.5;26.9;0.4;korn
Majsmel;361;6.8;88.3;2.8;korn
Mozzarella, 30+;279;28.3;0.1;17.7;bm
Hvedemel;343;10.6;56.5;1.5;korn
Ål, røget;329;19.4;0;27.8;fisk
Flødeost, 70+;380;9.4;2.2;36.9;bm
Yoghurt med müsli;88;3.4;11.1;3.3;bm
A38, acidophilus tykmælk, med citronsaft (HISTORISK);75;4.8;7.5;3.5;bm
Hvedemel, bagerimel;349;11;71.1;1.6;korn
Dressing, creme fraiche;420;1.6;9.7;41.7;krydderi
Grønne ærter, dybfrost;74;6.1;8.4;0.7;fg
Hvedegryn, mannagryn;353;10.1;74.1;1.2;korn
Bagepulver;172;5.2;37.8;0;korn
Brie, 50+;331;19.4;0.1;27.8;bm
Grønne ærter, konserves;75;5.9;7.7;0.8;fg
Lammekød, slag, råt;369;14.5;0;34.5;kød
Lammekød, bryst, råt;369;14.5;0;34.5;kød
Bønnespirer, soja, rå;57;6.2;4.5;1.4;fg
Samsø, 30+;279;29.5;0.1;17.2;bm
Gedemælk;69;3.5;4.4;4.1;bm
Theboller o.l. (bløddejsboller);296;9.8;48.1;6.6;snack
Palmeolie;900;0;0;100;krydderi
Kakaosmør;900;0;0;100;krydderi
Palmekerneolie;900;0;0;100;krydderi
Jordnøddeolie;763;0;0;72.5;krydderi
Solsikkeolie;900;0;0;100;krydderi
Valnøddeolie;900;0;0;100;krydderi
Torsk, levertran;900;0;0;100;fisk
Melboller, dybfrost;191;7;9.8;13;bm
Sesamolie;900;0;0;100;krydderi
Sukker, brunt rørsukker;399;0.5;99.3;0;snack
Majsolie;900;0;0;100;krydderi
Hørfrøolie;900;0;0;100;krydderi
Rugbrød, soft, uden fedtrige frø, uden kerner, industrifremstillet;210;5.3;40.3;1.4;bm
Hvedebrød, italiensk type, stort, detailbageri;249;8.7;49.1;1.3;bm
Vindruekerneolie;900;0;0;100:krydderi
Kokosolie;900;0;0;100;krydderi
Levertran (Sej);900;0;0;99.9;krydderi
Sojaolie;900;0;0;100;krydderi
Fiskefilet, paneret, friturestegt, fastfood;287;13.4;21.9;16.1;fisk
Olivenolie;900;0;0;100;krydderi
Rapsolie;900;0;0;100;krydderi
Græskarkerner, tørret;568;36.3;2;45.9;korn
Hvedemel, durum;347;13.3;46.8;1.6;korn
Hvedebrød, fint, store, industrifremstillet;262;9.2;46.6;3.6;bm
Hvedebrød, fint, store, detailbageri;274;9;49.3;3.8;bm
Hvedebrød, groft, store, industrifremstillet;258;9.8;42.9;4.2;bm
Hvedebrød, groft, store, detailbageri;256;9.2;46.1;3;bm
Tigerreje, opdræt, rå, dybfrost;67;15.8;0;0.4;fisk
Reje, sort tiger-, opdræt, kogt, dybfrost;62;14.8;0;0.3;fisk
Laks, atlantisk, opdræt, koldrøget;170;20.9;1.6;8.9;fisk
Laks, atlantisk, opdræt, varmrøget;267;20.1;0;20.7;fisk
Hvid hvede, melmix;341;12.8;58.4;4.2;korn
Småkage, hvede, traditionelle danske, industrifremstillet;520;5.4;61.7;27.1;snack
Småkage, cookie (amerikansk type), industrifremstillet;511;5.9;58.4;26.5;snack
Småkage, havreflager, industrifremstillet;518;5;61.2;27;snack
Småkage, brunkage, industrifremstillet;469;5.7;66;17.8;snack
Småkage, pebernød, industrifremstillet;476;5.8;67.2;19.2;snack
Småkage, klejne, industrifremstillet;568;5.9;49.2;37.7;snack
Småkage, med lavt sukkerindhold (sukkerfri, light) industrifremstillet;483;7.1;38;23.7;snack
Småkage, kokoskager, industrifremstillet;458;4.5;48.6;23.4;snack
Kage, trøffelprodukt / koldprodukt, industrifremstillet;423;4;58.1;17;snack
Kransekage, industrifremstillet;418;6.6;59.9;15.3;snack
Babymajs, rå;37;2.3;4.6;0.5;fg
Pomelo, rå;57;1;10.2;0.7;fg
Kiks, rug;446;6.7;63.7;14.9;bm
Kiks, hvede, sød, med tyk chokolade;504;7.1;59.2;24.9;snack
Kiks, dobbelte, hvede, søde;481;6.2;66.1;19.7;snack
Kiks, havre, søde;468;7.6;57.9;19.6;snack
Kiks, havre, søde, med chokolade;489;7.2;58;23;snack
Müslibar;435;6.7;57.8;15;snack
Vaffelrør;510;4.6;63;25.7;snack
Kiks, grov med frugt eller grønt;433;8.5;61.8;13.7;snack
Skummetmælk, 0.1 % fedt;35;3.5;5;0.1;bm
Yoghurt naturel, 1.5 % fedt;50;4;4.9;1.6;bm
Yoghurt naturel, 0.1 % fedt;43;4.2;5;0.7;bm
Hvid hvede brød, groft, store, detailbageri;252;9.8;43.2;3.1;bm
Hvid hvede bolle, grov, industrifremstillet;231;9;40.7;2;bm
Hvid hvede brød, groft, store, industrifremstillet;223;8.6;39.4;1.7;bm
Sild, Østersø, uspecificeret, rå;123;16.2;0;6.4;fisk
Oksekød, hakket, 5-10% fedt, rå;163;19.5;0;9.5;kød
Grisekød, hakket, 10-15% fedt, råt;169;18.9;0;10.4;kød
Kalkunkød, hakket, 5-10% fedt, råt;157;20.1;0;8.5;fjerkræ
Burger med lille bøf, salat og dressing, fastfood;226;9.8;22.5;10.4;snack
Burger med medium bøf, salat og dressing, fastfood;221;10.4;19.3;11;snack
Burger med stor bøf, salat og dressing, fastfood;231;12.7;15;13;snack
Burger med bøf og bacon, salat og dressing, fastfood;255;11.7;19.2;14.2;snack
Burger med bøf og ost, salat og dressing, fastfood;250;10.7;22;12.9;snack
Burger med bøf, bacon og ost, salat og dressing, fastfood;232;11;17.5;12.6;snack
Burger med kylling, salat og dressing, fastfood;207;9.5;19.2;9.9;snack
Sandwich med kylling, salat og dressing, fastfood;220;10.5;28.9;6.5;snack
Sandwich med kylling og bacon, salat og dressing, fastfood;205;11.1;23.3;7;snack
Sandwich med skinke og ost, salat og dressing, fastfood;225;9.3;26.2;8.9;snack
Sandwich med æg / rejer, salat og dressing, fastfood;186;7.8;24.1;6.1;snack
Sandwich med fisk, salat og dressing, fastfood;203;9.6;24.9;6.8;snack
Sandwich med kebab, salat og dressing, fastfood;216;8.5;23.7;9.3:snack
Sandwich med ribbenssteg, rødkål og agurk, fastfood;251;14.3;20.1;12.3:snack
Trekantsandwich med kylling og bacon, salat og dressing, fastfood;206;11.3;19.9;8.7;snack
Trekantsandwich med skinke og ost, salat og dressing, fastfood;229;10.4;21.2;11.1;snack
Trekantsandwich med æg, salat og dressing, fastfood;204;8.7;20.4;9.4;snack
Sandwich med frikadelle, salat og dressing, fastfood;219;8.8;23.9;9.4;snack
Pitasandwich med kebab, salat og dressing, fastfood;172;9.1;16.6;7.4;snack
Pitasandwich med kylling, salat og dressing, fastfood;165;9.8;18;5.7;snack
Pitasandwich med rejer, salat og dressing, fastfood;128;5.8;15.1;4.7;snack
Pitasandwich med falaffel, salat og dressing, fastfood;219;6.2;25.7;9.5;snack
Pitasandwich med salat og dressing, fastfood;150;3.6;19.6;5.9;snack
Dürumrulle med kebab, salat og dressing, fastfood;225;12.6;20.3;9.9;snack,
Pølse med bacon, ristet, fastfood;318;16.3;4;26.3;kød
Fransk hot dog, fastfood;284;10.2;25.9;15.2;snack
Hot dog, almindelig, fastfood;256;8.5;20.8;15.1;kød
Pølsemix med pommes frites, fastfood;323;8;26.9;19.9;snack
Kebabmix med pommes frites, friturestegt, fastfood;294;8.9;23.4;17.6;snack
Kylling, grillstegt, fastfood;212;28;0;11.2;snack
Kyllingenuggets, friturestegt, fastfood;280;14.7;19.1;16.1;snack
Pizza med tomat og ost, fastfood;322;13.3;35.7;13.5;snack
Pizza med fisk, tomat og ost, fastfood;256;13.8;26.7;10;snack
Pizza med salami, tomat og ost, fastfood;312;12.8;31.7;14.5;snack
Pizza med grønt og frugt, tomat og ost, fastfood;220;8.1;26.8;8.4;snack
Pizza med kød, tomat og ost, fastfood;257;11.8;29.5;9.8;snack
Pizza med kød og fisk, tomat og ost, fastfood;228;12.8;22.4;9.3;snack
Fiskefilet, paneret, stegt, delikatesse;283;12.7;22.9;15.7;snack
Tun, gulfinnet, rå;113;24.4;0;1.7;fisk
Reje, dybvands, kogt, i lage;72;15.5;0.4;0.9;fisk
Laks, atlantisk, opdræt, gravad;170;20.4;2.7;8.6;fisk
Skrubbe, filet, paneret, rå, dybfrost;154;11.1;22.3;2.3;fisk
Fiskepinde, panerede, dybfrost;188;12.8;15.2;8.4;fisk
Laks, atlantisk, opdræt, rå;228;15.8;0;18.3;fisk
Laks, Stillehavs-, vild, rå;105;21.2;0;2.3;fisk
Hajmalle, rå, dybfrost;69;14.6;0;1.3;fisk
Blåmusling, kogt;112;17.8;4.1;2.8;fisk
Æg, høne, burhøns, rå;137;12;1.1;9.4;fjerkræ
Æg, høne, frilands høns, rå;137;12.3;1.2;9.2;fjerkræ
Æg, høne, skrabehøns, rå;139;12.3;1.1;9.5;fjerkræ
Æg, høne, økologisk drift, rå;139;12.3;1.3;9.3;fjerkræ
Æg, høne, kogt, dybfrost;146;13.7;1.5;9.5;fjerkræ
Æg, høne, blomme, pasteuriseret;245;13;2.6;20.3;fjerkræ
Æg, høne, røræg, industrifremstillet;118;10.8;0.9;7.9;fjerkræ
Æg, høne, røræg mix, industrifremstillet;132;10.9;3.8;8.1;fjerkræ
Rugbrød, mørkt, industrifremstillet;198;5.7;35.7;1.3;bm
Rugbrød, fuldkorn, industrifremstillet;200;5.5;36.5;1.4;bm
Hvedebrød, groft, med fedtrige frø, stort, detailbageri;281;10.2;44.8;5.9;bm
Rugbrød, kun groft rugmel, detailbageri;216;6.5;40.6;1.3;bm
Rugbrød, kun groft rugmel, med hele kerner, detailbageri;210;5.5;40.7;1.2;bm
Rugbrød, kun groft rugmel, med fedtrige frø, detailbageri;242;8;33.5;6.8;bm
Rugbrød, med sigtet mel (soft) og fedtrige frø, detailbageri;253;8.6;32.4;8.2;bm
Yoghurt, med frugt, 0.1 % fedt, uden tilsat sukker;43;3.8;6.7;0.1;bm
Hytteost, 5+;76;13.3;3;1.2;bm
Yoghurt med frugt, 0.4 % fedt;77;4.6;13.7;0.4;bm
Koldskål;72;3.2;10.6;1.9;snack
Milkshake;86;5;12.5;1.8;snack
Smørbart blandingsprodukt, 75% fedt;686;0.5;1.1;75.5;bm
Smørbart blandingsprodukt, let, 57% fedt;542;0.4;0.6;59.7;bm
Grisekød, skinkeklump, helt afpudset, rå;100;20.8;0;1.9;kød
Grisekød, bryst med svær, rå;299;17.2;0;25.6;kød
Grisekød, filet, 0-1 mm fedtkant, rå;130;21.9;0;4.7;kød
Grisekød, kæbe, afpudset, rå;117;19.8;0.1;4.1;kød
Havredrik, ikke beriget;50;0.6;4;1;drikke
Risdrik, ikke beriget;50;0.1;5.6;0.9;drikke
Mandeldrik, ikke beriget;47;0.8;4.3;2.2;drikke
Skyr, 0.2 % fedt;70;10.8;4;0.2;bm
Kommen, rå;334;23.4;8.3;14.6;krydderi
Spidskommen, rå;428;21;30.6;22.3;krydderi
Risdrik, tilsat calcium;54;0.1;6.9;0.9;drikke
Havredrik, tilsat calcium;45;0.6;5.6;1.6;drikke
Sojadrik, tilsat calcium;45;3.6;3.3;1.9;drikke
Hvedebrød, bolle, italiensk type, detailbageri;257;9.9;46.8;2.7;bm
Hvedebrød, pitabrød, fint;250;8.3;49.6;1.6;bm
Havtorn, rå;75;0.7;3.9;5;fg
Speltmel, sigtet;348;13.2;50.6;1.7;korn
Speltmel, fuldkorn;332;14.4;47.7;2.3;korn
Quinoa, hvid, rå;362;13.3;44.8;6.5;korn
Quinoa, rød, rå;358;14.6;52.8;7;korn
Quinoa, sort, rå;347;13.7;42.3;6.5;korn
Rugmel, uspec.;322;8.7;37;1.7;korn
Chiafrø;447;21.4;1.8;34.1;korn
Perlespelt;329;12.1;39.8;2.4;korn
Perlebyg;335;9.1;46.5;2;korn